<?xml version="1.0" encoding="UTF-8"?>
<beans xmlns="http://www.springframework.org/schema/beans"
       xmlns:xsi="http://www.w3.org/2001/XMLSchema-instance"
       xmlns:p="http://www.springframework.org/schema/p"
       xmlns:aop="http://www.springframework.org/schema/aop"
       xmlns:tx="http://www.springframework.org/schema/tx"
       xsi:schemaLocation="http://www.springframework.org/schema/beans http://www.springframework.org/schema/beans/spring-beans-3.0.xsd
       http://www.springframework.org/schema/aop http://www.springframework.org/schema/aop/spring-aop-3.0.xsd
       http://www.springframework.org/schema/tx http://www.springframework.org/schema/tx/spring-tx-3.0.xsd">

    <bean class="org.springframework.web.servlet.mvc.support.ControllerClassNameHandlerMapping"/>
    
    <!--
    Most controllers will use the ControllerClassNameHandlerMapping above, but
    for the index controller we are using ParameterizableViewController, so we must
    define an explicit mapping for it.
    -->
    <bean id="urlMapping" class="org.springframework.web.servlet.handler.SimpleUrlHandlerMapping">
        <property name="mappings">
        <props>
                <prop key="index.htm">indexController</prop>
                <prop key="binder.htm">binderController</prop>
                           <prop key="google_map.htm">google_mapcontroller</prop>
                
                <prop key="google_map_ctr.htm">google_map_ctrcontroller</prop>
     <prop key="regular_map.htm">regular_mapcontroller</prop>
          <prop key="admin_login.htm">admin_logincontroller</prop>     
            </props>
        </property>
    </bean>
    
    <bean id="viewResolver"
          class="org.springframework.web.servlet.view.InternalResourceViewResolver"
          p:prefix="/WEB-INF/jsp/"
          p:suffix=".zul" />
    <bean id="viewResolver"
          class="org.springframework.web.servlet.view.InternalResourceViewResolver"
          p:prefix="/WEB-INF/jsp/admin/"
          p:suffix=".zul" />
    <!--
    The index controller.
    -->
    <bean name="indexController"
          class="org.springframework.web.servlet.mvc.ParameterizableViewController"
          p:viewName="registration" />
      <bean name="binderController"
          class="org.springframework.web.servlet.mvc.ParameterizableViewController"
          p:viewName="binder" />
    <bean name="google_mapcontroller"
          class="org.springframework.web.servlet.mvc.ParameterizableViewController"
          p:viewName="google_map" />
          <bean name="google_map_ctrcontroller"
          class="org.springframework.web.servlet.mvc.ParameterizableViewController"
          p:viewName="google_map_ctr" />
      <bean name="regular_mapcontroller"
          class="org.springframework.web.servlet.mvc.ParameterizableViewController"
          p:viewName="regular_map" />
          <bean name="admin_logincontroller"
          class="org.springframework.web.servlet.mvc.ParameterizableViewController"
          p:viewName="admin_login" />
</beans>
